,count
llama3,302
gpt4o,265
gpt41,262
llama3170b,241
mistral8x7b,202
gpt4,114
llama318b,109
claude35,66
llama270b,65
mistrallarge,61
codellama,55
qwen2vl,43
llava,37
llama31,31
claude35sonnet,29
gptneox,28
mt5large,25
starcoder2,24
blip2,23
codellama13b,22
xgboost,22
videollama,22
qwen2572b,20
randomforest,18
ppo,17
roberta,16
deepseekr1,16
deepseekcoder,16
llava16,16
phi3mini,16
llama2,16
graphsage,15
gpt2small,15
claude3,14
debertav3,13
qwen27b,13
gpt2medium,13
medpalm2,12
gptj6b,12
logisticregression,12
llavanext,11
xlmroberta,11
gptneox20b,11
gpt4omini,11
t5xxl,10
llama213b,10
llava15,9
gemini15,9
gpt4v,9
robertabase,9
robertalarge,9
qwen2,8
opt67b,8
sasrec,8
gptj,8
gemini15pro,7
mbert,7
qwen25,7
gpt2,7
gpt4turbo,7
gpt35,7
biogpt,7
bert4rec,7
categorymodelsitems,7
qwen2audio,6
gpt2xl,6
mistralinstruct,6
lightgcn,6
debertav3large,6
phi3,6
timesformer,6
llamaguard,6
minigpt4,6
categorymodelvalues,6
colbert,6
longformer,5
whisperlarge,5
mt5,5
lightgbm,5
resnet18,5
gemma2,5
instructblip,5
gemma7b,5
distilbert,5
claude3opus,5
clinicalbert,5
llama27bchat,5
bert,5
decisiontransformer,4
scibert,4
gpt41mini,4
codellama70b,4
wav2vec2,4
colbertv2,4
gpt35turbo,4
starcoder215b,4
yolov8,4
deepseekmoe,4
llama7b,4
llavamed,4
clip,4
mbertbase,4
dqn,4
minilm,4
diffusionlm,4
stablediffusion,4
resnet50,4
gat,4
bioclinicalbert,4
deepseekv2,4
reactagent,4
bm25,4
codebert,4
pythia12b,3
medflamingo,3
gcn,3
mistral,3
pointtransformer,3
deepqnetwork,3
videomae,3
clipvitl,3
rgcn,3
mbart50,3
bgelarge,3
fedavg,3
salmonn,3
llavaonevision,3
e5large,3
deepseekmath,3
gemma227b,3
t5xl,3
temporalfusiontransformer,3
t5base,3
llavavideo,3
namellama31categoryllm,3
namegpt4ominicategoryllm,3
deepseekv2vl,3
rt2,3
pythia28b,3
clinicalt5,3
allminilml6v2,3
clipvitb16,3
geminivision,3
graphormer,3
legalbert,3
softactorcritic,3
videochat2,3
pointnet,3
qmix,3
chinesebert,2
meditron,2
nllb200,2
llava3d,2
graphneuralnetwork,2
rotate,2
flamingo,2
efficientnetb4,2
bloom176b,2
complex,2
dkt,2
codet5,2
clipvit,2
typecategoricalvalues,2
meditron7b,2
hgt,2
mt5small,2
llama38binstruct,2
qwen253binstruct,2
distilgpt2,2
qwen253b,2
falcon7b,2
biobert,2
isolationforest,2
e5base,2
mobilebert,2
swintransformer,2
deberta,2
transe,2
flant5,2
graphwavenet,2
gurobioptimizer,2
textembedding3large,2
schnet,2
switchtransformer,2
gemini25flash,2
llavamoe,2
palm2,2
arabertv2,2
openaiclip,2
internvlchat,2
banglabert,2
pythia410m,2
gaussianprocess,2
namegpt41categoryproprietaryllm,2
xlmr,2
fedprox,2
nsgaii,2
tinyllama,2
visiontransformer,2
pysr,1
wizardmath7b,1
smolvlm2large,1
smolvlm2medium,1
smolvlm2small,1
smolvlm2tiny,1
fastdownward,1
routertransformer,1
chemberta,1
molt5,1
bertopic,1
siglip,1
internvideo2,1
marianmt,1
palme,1
sguardv1,1
dinov2base,1
gptneo,1
nhits,1
patchtst,1
fedproxlstm,1
fedavgcnn,1
hflflowllm,1
googlecloudnlp,1
azuretextanalytics,1
amazoncomprehend,1
mistralmedium,1
namelightgcncategoryrecommender,1
namesasreccategoryrecommender,1
namebert4reccategoryrecommender,1
namellama3categorytargetmodel,1
namegpt4ocategorysafetyevaluator,1
typearraydescriptionlistofmodelorarchitecturenamestobeusedintheexperimentitemstypestring,1
motiongpt,1
glm4,1
qwen253bssb,1
qwen253bgrpo,1
koelectrabase,1
airl,1
ll3da,1
pointllm,1
dalle3,1
videoencoderobjectdetectorscenemodellanguagemodel,1
fastspeech2,1
vits,1
lambdamart,1
nameclaude3opuscategoryllmjudge,1
namellama370bcategoryllmjudge,1
namegpt4ocategoryllmjudge,1
lenet5,1
fasttext,1
word2vec,1
opt13b,1
salmonnguard,1
clipvitb32,1
autoformer,1
informer,1
gorillallm,1
toolllama,1
bertweet,1
realnvp,1
instantngp,1
grud,1
refused,1
simcseroberta,1
pythia,1
bayesianppo,1
quantiledqn,1
cvardqn,1
mlpregressor,1
namebm25categorylexical,1
qwen2code,1
t53b,1
namellama370b,1
nameclaude3,1
namegpt4o,1
clinicalcamel7b,1
pali,1
kosmos2,1
anemone,1
dominant,1
sac,1
gru4rec,1
graphtransformer,1
lama,1
medclip,1
baichuan27b,1
sakt,1
qwen2vlmoe,1
d3pmtransformer,1
motr,1
groundingdino,1
gemma34b,1
botorchgp,1
claude35haiku,1
multiobjectiveppo,1
pythia14b,1
graphcodebert,1
flamingo80b,1
aifeynman,1
namecodebertcategorycode,1
namesentencebertcategoryembedding,1
namevideollamacategoryvideolanguagemodel,1
nameclaude35sonnetcategorymultimodalllm,1
namegpt4ocategorymultimodalllm,1
m2m100,1
mixtral8x22b,1
rbfsvm,1
autogpt,1
proteinmpnn,1
esmfold,1
alphafold2,1
speecht5,1
linearprobe,1
whisper,1
closedsourceopensource,1
llmmemcluster,1
gpt4instruct,1
gpt4base,1
cnntransformer,1
bartlarge,1
simclr,1
hdbscan,1
textembedding3small,1
longlora,1
idefics2,1
gpto1,1
linearsvm,1
xlmrbase,1
toolformer,1
td3bc,1
nameinternvideo2categoryvideobackbonemodel,1
openvla,1
cc2vec,1
camembert,1
deepjit,1
drsoss,1
physicsinformednn,1
fourierneuraloperator,1
reactagents,1
heterogeneousgnn,1
slowfastt5,1
autogen,1
graphrag,1
mobilenetv2,1
graphconvolution,1
node2vec,1
sentencebert,1
genre,1
blink,1
videoswin,1
loraadapter,1
robertawwm,1
tabllm,1
acegptbase,1
jais13b,1
medtronic70b,1
medpalm,1
reformer,1
reversibletransformer,1
namemistral7bcategorybasellm,1
namellama3categorybasellm,1
neumf,1
dit,1
ulip2,1
ppollm,1
categorymodelvaluetypestringcardinalityoneormoredescriptionnamesofspecificmlorllmmodelsorarchitecturessuitableforhierarchicaleventdriventaskplanning,1
textada002,1
tinyvit,1
pythiasuite,1
mobilevit,1
stgcn,1
dcrnn,1
lorentzembeddings,1
huatuogpt,1
bprmf,1
userrag,1
itemrag,1
poincareembeddings,1
dimenet,1
agentr1,1
geminiflash20,1
claudesonnet35,1
namegpt2categorybackbonellm,1
sqlcoder,1
t5sql,1
namevqvaecategoryatomtokenizer,1
maskrcnn,1
unet,1
seamlessm4t,1
dgcnn,1
graphcl,1
ptt5,1
bertimbau,1
bloom,1
nomadframework,1
qwen214b,1
qwenvlchat,1
dreamerv3,1
allmpnetbasev2,1
indicbert,1
xlmrlarge,1
pythia69b,1
trackformer,1
pythia70m,1
clinicalllama,1
pinn,1
fouriernet,1
deeponet,1
geneticalgorithm,1
phi3medium,1
namechembertacategorybaselineencoder,1
drivegpt,1
gptneo13b,1
namedeepseekcodercategoryopensourcecodellm,1
namecodellama34bcategoryopensourcecodellm,1
namellama370bcategoryopensourcellm,1
3dllm,1
transfuser,1
logictensornetworks,1
diffuseq,1
yolov7,1
faissgpu,1
nameallminilmcategoryembedding,1
namegeminiprovisiontypeclosedsourcecategorymllm,1
nameqwen2vltypeopensourcecategorymllm,1
namellava16typeopensourcecategorymllm,1
namegpt4otypeclosedsourcecategorymllm,1
cotbaselinessymbolicintegrated,1
neuralode,1
medalpaca,1
bloom7b,1
clap,1
internvideo,1
transformer,1
monot5,1
chemprop,1
flowmatching,1
encodec,1
valle,1
fingpt,1
mappo,1
namegpt4categorygeneralllm,1
namecodellamacategorycodellm,1
audiogpt,1
categoryllmandrlmodels,1
astar,1
rrtstar,1
graphattention,1
qwen314b,1
qwen37b,1
tinymlp,1
parsbert,1
transformerxl,1
mamba2,1
granite338b,1
granite338binstruct,1
phi2,1
mlpcoordinator,1
causalforest,1
lanegcn,1
trajectron,1
yolov11,1
internvl,1
localgpt2,1
megnet,1
cgcnn,1
ddpg,1
deepsvdd,1
e5small,1
bm25retriever,1
autokeras,1
dentalllava,1
mlpclassifier,1
openaitextembedding3large,1
llamaguard2,1
mixtureexperts,1
opensourcellminstructiontuned,1
opfnet,1
slowfast,1
categorymodelvaluetypestringarraydescriptionmultimodallargelanguagemodelsorvisionlanguagearchitecturesapplicabletosurgicalsceneunderstandingexamplevalues,1
bilstmclassifier,1
geobert,1
audiopalm,1
meanvariance,1
attentionmodel,1
pointernet,1
tohokubert,1
hyenadna,1
nucleotidetransformer,1
layoutgan,1
cllmrec,1
qwen2medical,1
namegpt2largecategorydecoderonly,1
characterlstm,1
fusiontransformer,1
safeppo,1
unigrammodel,1
proximalpolicyoptimization,1
siamesetransformer,1
internvl2,1
tabtransformer,1
bilstm,1
medllama27b,1
xceptionnet,1
mentalllama,1
mt5xl,1
typearrayitemstypestringmaxwords3descriptionspecificopensourcellmorarchitecturenamedescriptionlistofoneormoreappropriatemodelsorarchitectures,1
minkowskinet,1
namegptj6bcategorydecoderonly,1
namellama27bcategorydecoderonly,1
allminilm,1
han,1
gpt2large,1
contriever,1
tabert,1
tapas,1
pubmedbert,1
finbert,1
zephyr7b,1
datagovagent,1
cmaes,1
mixtureofexpertsllm,1
gcnlstm,1
