,percent
gpt4o,2.62
llama318b,1.91
gpt4omini,1.33
gemini15flash,1.17
llama3170b,1.15
gpt5,1.14
deepseekr1,1.02
deepseekv2,0.96
llama270b,0.96
mistral8x7b,0.93
qwen380b,0.92
qwen314b,0.86
gpt41,0.84
claude4sonnet,0.83
qwen2570b,0.83
gptoss120b,0.79
gemini25pro,0.78
qwen332b,0.69
gpt4,0.68
qwen25vl32b,0.61
llama318binstruct,0.56
gpt41mini,0.54
gpt51mini,0.5
claude35sonnet,0.49
llama323b,0.48
qwen2572binstruct,0.45
gemini25,0.41
llama31,0.38
qwen25vl32binstruct,0.38
claude35haiku,0.37
gpt35turbo,0.36
gpt35,0.36
qwen2572b,0.35
llama213b,0.35
deepseekr1distillqwen14b,0.32
qwen317b,0.31
qwen2514b,0.31
gemini20flash,0.3
qwen25vl7b,0.3
gemma327b,0.28
llama3211b,0.28
qwen25,0.28
qwen2515b,0.28
deepseekv31,0.28
grok4,0.28
qwen3253b,0.28
o3mini,0.26
o4mini,0.26
qwen25vl,0.26
qwen306b,0.26
gpt4turbo,0.26
gemini3pro,0.25
llama32,0.25
claudesonnet40,0.24
bert,0.24
gemma312b,0.23
randomforest,0.22
llama3,0.22
llama4maverick,0.22
claude3opus,0.22
llama3370binstruct,0.22
gpt41nano,0.2
o3,0.2
logisticregression,0.2
llama33,0.19
qwen3235b,0.19
qwen2505b,0.19
gemma34b,0.19
phi35mini,0.19
gemma29b,0.18
xgboost,0.18
llama31405b,0.18
llama17b,0.18
gpt5nano,0.18
phi4,0.17
qwen27b,0.17
deepseekv25,0.17
gemini20flashlite,0.17
qwen3,0.17
qwen257bcoder,0.17
qwen3vl235ba22b,0.16
gemma7b,0.16
kimik2,0.16
qwen2514binstruct,0.16
gemini10pro,0.16
gemma3,0.16
llama4scout,0.16
clip,0.16
internvl378b,0.16
mistral7binstructv01,0.14
deepseekr170b,0.14
qwen3plus,0.14
qwen3max,0.14
gpt2,0.14
qwq32b,0.14
gemma31bit,0.14
qwen330b,0.14
roberta,0.14
gpt51,0.13
o1mini,0.13
opt13b,0.13
grok3,0.13
deepseek,0.13
ppo,0.13
grpo,0.13
deepseekr132b,0.13
deepseekcoder,0.12
gemma2,0.12
llama4,0.12
internvl3538b,0.12
qwen2505binstruct,0.12
magistralsmall,0.12
chatgpt,0.12
gemma22b,0.12
llama31405binstruct,0.11
sasrec,0.11
llama8b,0.11
claude45,0.11
lightgbm,0.11
llava15,0.11
claude35,0.11
chatgpt4o,0.11
qwen3coder,0.11
mlp,0.11
deepseekr1distillllama70b,0.11
lstm,0.11
llamaguard2,0.11
gemma327bit,0.11
grok4fast,0.11
qwen25math7b,0.11
gptoss,0.1
codellama7b,0.1
allminilml6v2,0.1
gemma312bft,0.1
lightgcn,0.1
svm,0.1
fastv,0.1
gemini15,0.1
claude37,0.1
llama270bchat,0.1
deepseekchat,0.1
qwen3vl,0.1
ministral8b,0.1
mistral7bv02,0.1
qwen3embedding06b,0.1
codellama13b,0.1
videollama13b,0.1
vicuna7b,0.1
gemini20,0.08
phi4mini,0.08
minillm,0.08
openaio3,0.08
llama,0.08
deepseekv32exp,0.08
gemma2it27b,0.08
internlm25,0.08
mistral3224b,0.08
tinyllama,0.08
bert4rec,0.08
sentencebert,0.08
textembedding3small,0.08
opt67b,0.08
mistral,0.08
internvl3514b,0.08
distilbert,0.08
qwen25omni3b,0.08
qwen3embedding,0.08
deepseekr114b,0.08
sft,0.08
qwen154b,0.08
random,0.08
llavaov72b,0.07
gemini,0.07
falcon180b,0.07
hdbscan,0.07
textembeddingada002,0.07
minicpmo26,0.07
pythia12b,0.07
llava157b,0.07
deepseek67b,0.07
llavanext,0.07
textembedding3large,0.07
claudeopus41,0.07
bertbase,0.07
chatgpt5,0.07
gpt2large,0.07
bm25,0.07
linearregression,0.07
deepseekr10528,0.07
react,0.07
qwen25omni,0.07
gpt2xl,0.07
sentencetransformer,0.06
claudehaiku45,0.06
qwen330ba3b,0.06
resnet18,0.06
o1,0.06
awq,0.06
allmpnetbasev1,0.06
deberta,0.06
codellama,0.06
lora,0.06
qwen3coder30b,0.06
llavaonevision,0.06
minilml6,0.06
minilml6v2,0.06
kmeans,0.06
mistralnemo,0.06
t5,0.06
mistrallarge,0.06
gru4rec,0.06
glm45,0.06
qwen2audio,0.06
mdebertav3,0.06
mistral8x22b,0.06
qwen38bbase,0.06
qwen25coder3b,0.06
gpt4o20241120,0.06
pythia160m,0.06
llama37b,0.06
qwen314bbase,0.06
internlm257b,0.06
qwen1572b,0.06
llamaguard,0.06
claude41opus,0.06
molmo7b,0.06
mistralsmall3124binstruct,0.06
llavavideo72b,0.06
llama318binst,0.05
gpt2medium,0.05
openaio1,0.05
olmo1b,0.05
glm41v9bthinking,0.05
gpt5thinking,0.05
mlpclassifier,0.05
deepseekv30324,0.05
gptq,0.05
quip,0.05
xlmroberta,0.05
bytetrack,0.05
whisper,0.05
vitb16,0.05
sparsevlm,0.05
siglip,0.05
cot,0.05
t5large,0.05
robertalarge,0.05
internvl3,0.05
bgem3,0.05
llavamed,0.05
dpo,0.05
gpt5high,0.05
gpt5chat,0.05
cnn,0.05
deepseekr18b,0.05
granite328b,0.05
tallrec,0.05
llama113b,0.05
gpt35turbo0125,0.05
deepseekr1distill,0.05
gpt4o3,0.05
decisiontree,0.05
cosyvoice2,0.05
llavaonevision7b,0.05
avicuna,0.05
internvl240b,0.05
qwen3next80ba3binstruct,0.05
llava7b,0.05
openaio3mini,0.05
dqn,0.05
qwen25math15b,0.05
gemma29b8bit,0.05
llavanext7b,0.05
internvl2578b,0.05
medgemma27b,0.05
e5mistral7binstruct,0.05
qwen3vl235ba22bthinking,0.05
yolov11,0.05
qwenvlmax,0.05
glm4v9b,0.05
llm,0.05
falcon37b,0.05
kimik2thinking,0.05
qwen72b,0.05
mistralsmall3124b,0.05
itransformer,0.05
dkt,0.05
nemotronelastic12b,0.04
bgereranker,0.04
phi4multimodal,0.04
mistralinstruct,0.04
qwen,0.04
mistralmedium,0.04
flant5,0.04
adalora,0.04
meddr,0.04
opt,0.04
resnet50,0.04
aqlm,0.04
ddpg,0.04
internvl35,0.04
phi15,0.04
gcn,0.04
gat,0.04
grpomodel,0.04
bartlargemnli,0.04
gpt35turbo1106,0.04
qwen3coder480b,0.04
robertabase,0.04
claude,0.04
umap,0.04
opt30b,0.04
llara,0.04
qwen3235ba22binstruct2507,0.04
kimi,0.04
smoothllm,0.04
llada,0.04
sbert,0.04
f5tts,0.04
safedecoding,0.04
selfreminder,0.04
naivebayes,0.04
grok2,0.04
grok3mini,0.04
vicuna7bv15,0.04
yolov5,0.04
glm45v,0.04
gliner,0.04
autoencoder,0.04
openllama3b,0.04
isolationforest,0.04
starcoder,0.04
graphsage,0.04
llama4scout17b,0.04
qwen2,0.04
llava,0.04
stablediffusion,0.04
openbiollm,0.04
tiger,0.04
baseline,0.04
tfidf,0.04
qwenimage,0.04
mixtral,0.04
timesnet,0.04
dlinear,0.04
claudesonnet37,0.04
qwen3b,0.04
wanda,0.04
gpt2small,0.04
minimaxm2,0.04
dinov2,0.04
qwen3vl4b,0.04
fasttext,0.04
qwen3vl235ba22binstruct,0.04
nvembedv2,0.04
wavlm,0.04
qwen330ba3binstruct2507,0.04
clipvit,0.04
z3,0.04
spacy,0.04
zeroshot,0.04
reflexion,0.04
glm46,0.04
td3,0.04
gpt5codex,0.04
qwenvlchat,0.04
catboost,0.04
visionzip,0.04
qwen8b,0.04
rome,0.04
bgesmall,0.04
lingshu7b,0.04
omniquant,0.04
bgelarge,0.04
reinforce,0.04
novapro,0.04
gteqwen215binstruct,0.04
geminipro15,0.04
openllama27b,0.04
deepsport,0.04
falcon31b,0.04
videollama27b,0.04
phi3538b,0.04
gradientdescent,0.04
llama3211bvision,0.04
speechformer,0.04
mistralsmall3124binstruct2503,0.04
llama31tulu318b,0.04
tablellama,0.04
llmesr,0.04
astgcn,0.04
internvl352b,0.04
qwen3vl8binstruct,0.04
llavav16,0.04
agrace,0.04
granite308binstruct,0.04
qwen3235bthinking,0.04
mistral7b01v,0.04
deepseekr1qwen32b,0.04
wizardvicuna13b,0.04
openthinker27b,0.04
qwen3llm,0.02
qwen3omni30b,0.02
gptj6b,0.02
promptguard,0.02
lgdumap,0.02
svmclassifier,0.02
gaussianmixture,0.02
gaussianprocess,0.02
alexnet,0.02
bertlarge,0.02
contriever,0.02
alpaca,0.02
openhands,0.02
spqr,0.02
chatglm,0.02
deepseekreasoner,0.02
geminiembedding,0.02
qwen3guardgen,0.02
gpt40613,0.02
sapbert,0.02
ada,0.02
claude4,0.02
instructor,0.02
gcg,0.02
scibert,0.02
pair,0.02
nemotronnano,0.02
basemodel,0.02
doubaoseed16thinking,0.02
kimiaudio7b,0.02
opt66b,0.02
tsne,0.02
divprune,0.02
gpt4120250414,0.02
tinyllama11b,0.02
claude37sonnet20250219,0.02
claudesonnet420250514,0.02
gpto4mini,0.02
trim,0.02
selfrag,0.02
glm49bchat,0.02
svd,0.02
gptneo13b,0.02
sonnet45,0.02
td3bc,0.02
phi4miniinstruct,0.02
internvideo2,0.02
qwen258b,0.02
fairmot,0.02
gptneo,0.02
transe,0.02
eta,0.02
transtrack,0.02
codereviewer,0.02
ikun,0.02
neuralnetwork,0.02
codegemma7b,0.02
detectgpt,0.02
langmem,0.02
transrmot,0.02
temprmot,0.02
iql,0.02
codex,0.02
pai,0.02
berttiny,0.02
tome,0.02
gemma,0.02
rulebased,0.02
vita157b,0.02
vicuna13bv15,0.02
mimovl7brl,0.02
rtn,0.02
sam2,0.02
reinforcebaseline,0.02
videor17b,0.02
rrpo,0.02
vcd,0.02
llama4scout17b16e,0.02
rag,0.02
wildguard7b,0.02
gpt4ts,0.02
mf,0.02
singlellm,0.02
llada8binstruct,0.02
gptj,0.02
huatuogptvision7b,0.02
ewc,0.02
phi3,0.02
mistralnemo12b,0.02
allrobertalargev1,0.02
dycoke,0.02
dola,0.02
llavamed7b,0.02
gpt,0.02
dipper,0.02
qwen3vl8b,0.02
siglip2,0.02
chatscene,0.02
vit,0.02
idefics2,0.02
randomsearch,0.02
baichuanm232b,0.02
uniad,0.02
grok40709,0.02
qtip,0.02
crag,0.02
coral,0.02
phi35moe,0.02
phi35,0.02
selfconsistency,0.02
yi6bchat,0.02
bbollm,0.02
timellm,0.02
olmo27b,0.02
deepseekchatv31,0.02
qwen25max,0.02
gpt45,0.02
amazonnovapro,0.02
gpt432k,0.02
patchtst,0.02
bitnet2b,0.02
blip2,0.02
optunatpe,0.02
chatgpt5mini,0.02
pytorcheager,0.02
cosyvoice,0.02
colpali,0.02
modelbreadcrumbs,0.02
olmo2,0.02
bertopic,0.02
clusterllm,0.02
rlmrec,0.02
llama3290b,0.02
grasp,0.02
mcm,0.02
knn,0.02
baichuan27b,0.02
llamaguard7b,0.02
llamaguard31b,0.02
sftmodel,0.02
llasa,0.02
qwen3235ba22bthinking2507,0.02
lingmini20,0.02
electra,0.02
deepseekcoderv2,0.02
r2d2,0.02
deco,0.02
deepseekllama,0.02
deepseekocr,0.02
opt125m,0.02
januspro,0.02
distilgpt2,0.02
doubaoseed16,0.02
safelora,0.02
akt,0.02
bigrec,0.02
relayattention,0.02
gpto1,0.02
chatdev,0.02
metagpt,0.02
p5semid,0.02
qwen2audio7b,0.02
maskgct,0.02
llmjudge,0.02
grapheval,0.02
glm45flash,0.02
word2vec,0.02
foundationsec8b,0.02
secalign,0.02
efficientqat,0.02
a2c,0.02
pso,0.02
aco,0.02
qwen34binstruct,0.02
fireredtts,0.02
llamavision,0.02
internvl39b,0.02
videochat2,0.02
llavav16mistral7b,0.02
llada15,0.02
tablegpt27b,0.02
gpt5minimal,0.02
qwen1505bchat,0.02
safe,0.02
qwen34blora,0.02
devstral24b,0.02
taskarithmetic,0.02
dareties,0.02
eagle3,0.02
fedit,0.02
magistralmedium2506,0.02
codedavinci002,0.02
doubao15lite,0.02
routerdc,0.02
resnet34,0.02
biomedicalllama38b,0.02
sac,0.02
vicuna13b,0.02
phi414b,0.02
pythia69b,0.02
codestral,0.02
chatgpt5pro,0.02
opt350m,0.02
videor1,0.02
mask3d,0.02
opt27b,0.02
prumerge,0.02
sam,0.02
lcrec,0.02
llava1513b,0.02
llavanext13b,0.02
qwen34binstruct2507,0.02
mingliteomni,0.02
o1preview,0.02
llama213bchat,0.02
finbert,0.02
gpt4omini20240718,0.02
reasonke,0.02
xception,0.02
opt13bft,0.02
qwen25vl7bft,0.02
echoembedding,0.02
prompteol,0.02
chatglm4,0.02
mem0,0.02
saplma,0.02
cat,0.02
vicunav157b,0.02
phi3mini4kinstruct,0.02
graphmvp,0.02
etsformer,0.02
cotdet,0.02
fedformer,0.02
r1distillqwen14b,0.02
smollm,0.02
r1distillllama70b,0.02
llama33nemotron,0.02
nvila8b,0.02
llamaomni27b,0.02
unieval,0.02
metallama370binstruct,0.02
llama213bchathf,0.02
efficientnetbilstm,0.02
multivae,0.02
baichuan213b,0.02
chatgpt41mini,0.02
qinstructblip,0.02
gpt217b,0.02
qwen206b,0.02
deepseekv31thinking,0.02
mimovl7bsft,0.02
dolphin291llama38b,0.02
llama2mathchat13b,0.02
internvl358bft,0.02
minicpmv25,0.02
mplugowl37b,0.02
internvl3538bthink,0.02
gpt4v,0.02
metallama318b,0.02
gptuner,0.02
multiqampnetbasecosv1,0.02
unimol,0.02
selfcheckgptnli,0.02
ldiffrec,0.02
llama3211bvisioninstruct,0.02
phi314b,0.02
nemotronnano12b,0.02
chatglm26b,0.02
gpt240b,0.02
doubao15vlpro,0.02
betaregression,0.02
hilgpt,0.02
finetunedllama,0.02
qwen3turbo,0.02
o3minimedium,0.02
claude37sonnetthinking,0.02
gpt4o202405013,0.02
ministral8binstruct2410,0.02
palm2,0.02
huatuogpto170b,0.02
baichuanm1,0.02
gpt2345m,0.02
llamaguard28b,0.02
yehia7bdporeasoningpreview,0.02
marcollmarv2,0.02
unsupervisedbaseline,0.02
qwen3vl30ba3binstruct,0.02
llama4scout17b16einstruct,0.02
qwen1518b,0.02
bleurtmodel,0.02
spatialgeoha,0.02
ours,0.02
latxallama3170binstruct,0.02
autoformer,0.02
grok41,0.02
llavav1634b,0.02
gpt41vision,0.02
titanembedtextv1,0.02
tabler1sft7b,0.02
tabler1zero7b,0.02
llama234b,0.02
doubao15visionpro,0.02
llama165b,0.02
reledalpha02,0.02
mistralft1,0.02
vila1513b,0.02
signroundv1,0.02
qwen25math7bsimplerlzoo,0.02
llama2exit,0.02
bagel,0.02
qwen3emb4b,0.02
shieldgemma2b,0.02
qwen257b4bit,0.02
llama27b4bit,0.02
shearedllama13bpruned,0.02
shearedllama13bsharegpt,0.02
yolov11globalonlymlge,0.02
pydrop,0.02
claudeopus30,0.02
cllmrec,0.02
gcarec,0.02
llm4cdsr,0.02
genegpt,0.02
llama31turbo,0.02
nrpagdlevel1,0.02
dpdpsystem12,0.02
dpdpwospt,0.02
videoperceiver3b,0.02
grok4fastnonreasoning,0.02
llama213bft,0.02
qwen25coder05b,0.02
llama130b,0.02
llama3211bvisioninstructturbo,0.02
gpt4ominisearchpreview,0.02
llama31telco,0.02
baichuan213bchat,0.02
flamingo3b,0.02
llambo,0.02
redpajamaincite3b,0.02
chinesellama213b,0.02
bgelargeenv15,0.02
resnext503d,0.02
dynaguard4b,0.02
qwen24b,0.02
qwen3omni,0.02
qwen314bchat,0.02
llama2progchat13b,0.02
qwen34bsft,0.02
unifiedio2xxl,0.02
deepseekr1distill32b,0.02
chubert,0.02
metallama3170b,0.02
expairtllm,0.01
b4,0.01
codegen,0.01
mtmc,0.01
geminicli,0.01
kevin32b,0.01
kernelllm,0.01
elpo,0.01
doubaopro,0.01
ape,0.01
protegi,0.01
opro,0.01
promptbreeder,0.01
evoprompt,0.01
gpo,0.01
empty,0.01
hhem,0.01
sici0,0.01
sici1,0.01
senet,0.01
efficientnet,0.01
vgg11,0.01
shufflenetv2,0.01
densenet121,0.01
chatglm3,0.01
sbfl,0.01
mbfl,0.01
reactagent,0.01
deepreasoningllama,0.01
guanaco3b,0.01
phi46b,0.01
pixtral12b,0.01
nemotron49b,0.01
drsoss,0.01
jitgnn,0.01
neurojit,0.01
measurementlayouts,0.01
align3gr,0.01
caser,0.01
hgn,0.01
p5cid,0.01
lettertiger,0.01
letterlcrec,0.01
eagerllm,0.01
mmadaparallel,0.01
mmada,0.01
showo,0.01
flux1dev,0.01
flux1kontext,0.01
qwenimageedit,0.01
luminadimoo,0.01
doubao16thinking,0.01
doubao16,0.01
cogvlm2llama3chat19b,0.01
sweagent,0.01
claudecode,0.01
jet,0.01
kimik20711preview,0.01
r1distillqwen32b,0.01
r10528qwen38b,0.01
gpto120241217,0.01
gpto320250416,0.01
gpto3mini,0.01
qwen3series,0.01
llmassistant,0.01
lauragpt,0.01
laurads,0.01
codet5,0.01
dpruner,0.01
atp,0.01
foresight,0.01
foresightpbs,0.01
efficientxpert,0.01
partialbrainsurgeon,0.01
videoknow,0.01
internvl3530ba3b,0.01
internvl35241ba28b,0.01
videorft7b,0.01
qwen34b2507,0.01
ayaexpanse8b,0.01
ayaexpanse32b,0.01
mistralsmall3124b2503,0.01
deepseekv32experimental,0.01
seqft,0.01
seqlora,0.01
olora,0.01
lbcl,0.01
reservoirreplay,0.01
mora,0.01
surprisereplay,0.01
slowreservoir,0.01
slowsurprise,0.01
progprompt,0.01
pertaskft,0.01
mtl,0.01
nlora,0.01
oliera,0.01
aimmerging,0.01
slowreplay,0.01
labelsurprise,0.01
sumsurprise,0.01
averagesurprise,0.01
mofa,0.01
nemotronmini4binstruct,0.01
tinyswallow15binstruct,0.01
phi3mini128kinstruct,0.01
mistralnemominitron8binstruct,0.01
yi159bchat,0.01
gemma22bit,0.01
llama31nemotron70binstructhf,0.01
qwen34bsaferl,0.01
qwen3guard,0.01
legalbert,0.01
legallongformer,0.01
yoloa,0.01
yoloalight,0.01
affordancenet,0.01
crossviewag,0.01
locate,0.01
affordancellm,0.01
wsma,0.01
nonp,0.01
intsum,0.01
llmtrsr,0.01
cicl,0.01
pdb,0.01
dpl,0.01
drp,0.01
mathawarebert,0.01
lm4optra,0.01
dora,0.01
vera,0.01
boft,0.01
c3a,0.01
bone,0.01
lntuning,0.01
rosa,0.01
falcon,0.01
gemma2it9b,0.01
geminijudge,0.01
circuitbreaker,0.01
atlas,0.01
p2c,0.01
densenet1213d,0.01
medicalnet,0.01
m3t,0.01
bhdraggpt4o,0.01
bhdraggpt4turbo,0.01
internvl226b,0.01
tcctnet,0.01
resnettcn,0.01
openreasoningnemotron,0.01
llaga,0.01
graphtoken,0.01
gin,0.01
t5xxl,0.01
tinybert,0.01
gearnet,0.01
molformer,0.01
esmv2,0.01
deepel,0.01
rel,0.01
blink,0.01
genre,0.01
refined,0.01
chatel,0.01
loom,0.01
coinstruct,0.01
mplugowl37b241101,0.01
deepseekvl2cot,0.01
hadamard,0.01
hsdte,0.01
unimoe20,0.01
unimoe20omni,0.01
unimoe20base,0.01
unimoe20coldstart,0.01
unimoe20gspo,0.01
unimoe20dpo,0.01
unimoe20image,0.01
unimoetts,0.01
densetts,0.01
baichuanomni15,0.01
mingliteomni15,0.01
e2tts,0.01
glm4voice,0.01
spectron1b,0.01
speechgpt7b,0.01
freezeomni7b,0.01
moshi7b,0.01
streamomni8b,0.01
openomni7b,0.01
nextomni7b,0.01
stepaudio2mini7b,0.01
glm4voice8b,0.01
sdxl,0.01
pixwizard,0.01
januspro7b,0.01
omnigen,0.01
omnigen2,0.01
functionarysmallv32,0.01
functionarymediumv32,0.01
toolace,0.01
internlm2520b,0.01
struq,0.01
ise,0.01
cahl,0.01
promptguard86m,0.01
textdavinci003,0.01
ittgen,0.01
linearmodel,0.01
dialoggsr,0.01
localgnn,0.01
fedavggnn,0.01
llmtextonly,0.01
llmgnn,0.01
perfedavg,0.01
pfedme,0.01
ditto,0.01
fedprox,0.01
rotate,0.01
complex,0.01
compgcn,0.01
rulepilot,0.01
ada002embedding,0.01
spl2kql,0.01
emkd,0.01
efficientbaseline,0.01
pyramiddrop,0.01
vispruner,0.01
tokenpacker,0.01
llavakd,0.01
owlvit,0.01
llava13b,0.01
qwen34boutlines,0.01
qwen34bdpo,0.01
rlstruct,0.01
bing,0.01
bingcopilot,0.01
bilstm,0.01
bertmnli,0.01
robertamnli,0.01
medllama,0.01
advantagealignment,0.01
grposr,0.01
openaimodel,0.01
nomad,0.01
bertbaseuncased,0.01
atomdisc,0.01
moleculestm,0.01
attrmask,0.01
infograph,0.01
molclr,0.01
kpgt,0.01
kano,0.01
kvplm,0.01
instructmol,0.01
unimot,0.01
momu,0.01
tokenmol,0.01
molformerxl,0.01
baize,0.01
galactica67b,0.01
moleculartransformer,0.01
textchemt5,0.01
molinstructions,0.01
qwen332blora,0.01
gemini25propreview0506,0.01
o4mini20250416,0.01
vmrmot,0.01
cstrack,0.01
trackformer,0.01
echotrack,0.01
deeprmot,0.01
llama4maverick17b128einstruct,0.01
query2doc,0.01
genqr,0.01
genqrensemble,0.01
mugi,0.01
qaexpand,0.01
lamer,0.01
query2e,0.01
csqe,0.01
yoloms,0.01
yolov8,0.01
yolov10,0.01
yolov12,0.01
openread,0.01
wisead,0.01
robotrondrive,0.01
recogdrive,0.01
vad,0.01
egomlp,0.01
opendrivevla,0.01
orion,0.01
stp3,0.01
emma,0.01
openemma,0.01
drivevlm,0.01
gptdrive,0.01
omnidrive,0.01
autovla,0.01
grove,0.01
grovenoapply,0.01
grovenoval,0.01
grovenollmret,0.01
grovenozoom,0.01
caserag,0.01
refrag,0.01
globalmem,0.01
refseqr,0.01
chathtn,0.01
chathtnlearner,0.01
closer,0.01
fgsm,0.01
pgd,0.01
cw,0.01
deepfool,0.01
acraft,0.01
limit,0.01
approximation,0.01
orco,0.01
triwe,0.01
naive,0.01
llm2fxtools,0.01
regression,0.01
multitask,0.01
deepafxst,0.01
nofx,0.01
randomfx,0.01
gpt4orag,0.01
timeagent,0.01
lgsid,0.01
din,0.01
dien,0.01
sim,0.01
twin,0.01
onerec,0.01
reskmeans,0.01
rqvae,0.01
linmethod,0.01
rqvaengram,0.01
demotuner,0.01
haddpgfd,0.01
cdbtune,0.01
dbbert,0.01
kimivl,0.01
qwen3vlmoe,0.01
modes,0.01
naee,0.01
mcmoe,0.01
diep,0.01
coherererank,0.01
bayesianneuralnet,0.01
randomwalk,0.01
oadpromoter,0.01
updn,0.01
lmh,0.01
css,0.01
vinvl,0.01
gpt3,0.01
bloom,0.01
vlt5,0.01
frozen,0.01
flamingo80b,0.01
fewvlmbase,0.01
fewvlmlarge,0.01
vlkdvitb16,0.01
vlkdvitl14,0.01
pica,0.01
revive,0.01
kat,0.01
prophet,0.01
promptcap,0.01
img2llm,0.01
treeparzen,0.01
bbo,0.01
marian,0.01
hindishformer,0.01
banglishformer,0.01
mistrallarge2,0.01
rzero,0.01
absolutezero,0.01
spice,0.01
generalreasoner,0.01
hflflowllm,0.01
chatglm2,0.01
flcnntraffic,0.01
flic,0.01
hflann,0.01
feat,0.01
feddbnids,0.01
aecnn,0.01
fedot,0.01
g13b,0.01
g17b,0.01
fitnessthresholding,0.01
evosynth,0.01
nspbert,0.01
keywordclassifier,0.01
nemotronmini4b,0.01
qwen25mathprm72b,0.01
codegen350m,0.01
r1onevision7brl,0.01
ourswortime,0.01
ourswolgraph,0.01
tinystoriesmodel,0.01
crosslayertranscoder,0.01
stella,0.01
crossformer,0.01
informer,0.01
nsformer,0.01
reformer,0.01
tcn,0.01
micn,0.01
tide,0.01
nhits,0.01
nbeats,0.01
lssl,0.01
forgedan,0.01
autodanhga,0.01
dan,0.01
transpec13b,0.01
ngrammodel,0.01
quickumls,0.01
voyage3large,0.01
safeunlearn,0.01
hatespeech,0.01
minicpmv,0.01
qwen1032b,0.01
linearreward,0.01
remoteclip,0.01
lpn,0.01
dwdr,0.01
mccg,0.01
sample4geo,0.01
plcd,0.01
swintransformer,0.01
llama3170bturbo,0.01
proposedmllm,0.01
visualencoder,0.01
whisperv3,0.01
gsm,0.01
sslcls,0.01
audibert,0.01
toat,0.01
ccnn,0.01
convbilstm,0.01
acousticllm,0.01
glovecnn,0.01
emoaudionet,0.01
hique,0.01
multidepnet,0.01
sguardcontentfilter2bv1,0.01
sguardjailbreakfilter2bv1,0.01
sguardv1,0.01
llamaguard412b,0.01
kananasafeguard8b,0.01
qwen3guardgen4b,0.01
kananasafeguardprompt21b,0.01
kananasafeguardsiren8b,0.01
awsbedrockguardrails,0.01
azurecontentsafety,0.01
yi9b,0.01
pathagent,0.01
quiltllava,0.01
wsivqa,0.01
titan,0.01
wsillava,0.01
slidechat,0.01
plip,0.01
pathor1,0.01
pathor13b,0.01
pathor17b,0.01
lasttoken,0.01
wmp,0.01
metaeol,0.01
llama2vec,0.01
llm2vec,0.01
llm2comprc,0.01
llm2compnll,0.01
llm2compkl,0.01
llm2comp,0.01
ullme,0.01
bgeicl,0.01
repllama,0.01
gtrxl,0.01
ssbmodel,0.01
t5base,0.01
gpt4base,0.01
llama318bbase,0.01
llama323binst,0.01
mistral7binstv03,0.01
llama328b,0.01
humanoidlla,0.01
mdmretarget,0.01
omnih2o,0.01
uh1,0.01
langwbc,0.01
rlpf,0.01
glm432b,0.01
hmr3d,0.01
deepseekchat7b,0.01
vista,0.01
rudderbeta,0.01
rudderadd,0.01
mistralnemo2407,0.01
zeroshotreranker,0.01
sftdporeranker,0.01
randomretrieval,0.01
ripplenet,0.01
pandagpt7b,0.01
pandagpt13b,0.01
unifiedio2large,0.01
onellm7b,0.01
anygpt7b,0.01
vita7b,0.01
r132b,0.01
dapo32b,0.01
qwen3235binstruct,0.01
deepseekr1llama8b,0.01
llama31bc,0.01
qwen25bc,0.01
tokenbudget,0.01
kto,0.01
depo,0.01
codestral22b,0.01
granitecode3b,0.01
microsoftcopilot,0.01
stepaudio2,0.01
minicpmo,0.01
kimiaudio,0.01
salmonnguard,0.01
chattts,0.01
malrag,0.01
appscanner,0.01
df,0.01
fsnet,0.01
annet,0.01
etbert,0.01
yatc,0.01
tfegnn,0.01
trafficformer,0.01
openmax,0.01
zti,0.01
gmaf,0.01
cade,0.01
icecp,0.01
metallama3,0.01
chatglm49b,0.01
yi1534b,0.01
haiku45,0.01
forgettingmari,0.01
klascent,0.01
gradientdifference,0.01
blipvqa,0.01
embeddinggemma,0.01
gtemultilingualbase,0.01
nomicembedtextv2moe,0.01
multilinguale5large,0.01
gritlm7b,0.01
llamaembednemtron8b,0.01
bgemultilingualgemma2,0.01
mt5,0.01
almar,0.01
ht2as,0.01
textrank,0.01
tensor2tensor,0.01
first,0.01
personaagent,0.01
personaagentgraphrag,0.01
membank,0.01
nonpersonalized,0.01
lenet,0.01
lola,0.01
rulebasedlexicon,0.01
pop,0.01
ease,0.01
neumf,0.01
cdae,0.01
admmslim,0.01
bpr,0.01
enmf,0.01
dgcf,0.01
ract,0.01
asymknn,0.01
itemknn,0.01
nceplrec,0.01
history,0.01
amem,0.01
memos,0.01
dccu,0.01
dcrs,0.01
awm,0.01
exprecent,0.01
exprag,0.01
remem,0.01
diffro,0.01
qwen306bfinetuned,0.01
granite33,0.01
valuesnetdeberta,0.01
latro,0.01
raft,0.01
gpg,0.01
intro,0.01
harnessagent,0.01
llm4fdg,0.01
ossfuzzgen,0.01
sherpa,0.01
film7b,0.01
commandrv01,0.01
gpt227b,0.01
mpinetsfusion,0.01
ait,0.01
mpnets,0.01
simpnet,0.01
neuralmp,0.01
act,0.01
vitacformer,0.01
bitnet125m,0.01
bitnet700m,0.01
bitnet7b,0.01
bitnet30b,0.01
bitnet100b,0.01
bitnet2b4t,0.01
squeezellm,0.01
cbq,0.01
c2dlm,0.01
tlsassist,0.01
yolo11s,0.01
yolo11l,0.01
yolo11x,0.01
lmdrive,0.01
bevdriver,0.01
depthanything,0.01
owlv2,0.01
marengo27,0.01
dgl,0.01
eerc,0.01
diffusionret,0.01
teachclip,0.01
clip4clip,0.01
sparkx1,0.01
yi34bchat,0.01
educhat13b,0.01
ruae7b,0.01
sft7b,0.01
specter,0.01
bartscore,0.01
ufo,0.01
rw,0.01
d3,0.01
rosepo,0.01
sppo,0.01
doubaoseed,0.01
deer3d,0.01
3dllm,0.01
chat3d,0.01
chat3dv2,0.01
grounded3dllm,0.01
pq3d,0.01
3dllava,0.01
inst3dllm,0.01
scanrefer,0.01
3djcg,0.01
m3drefclip,0.01
3dvista,0.01
ll3da,0.01
leo,0.01
scenellm,0.01
3dvgtrans,0.01
d3net,0.01
randomaug,0.01
errguidedapp,0.01
errguidedspa,0.01
errguidedmix,0.01
randomtext,0.01
deer3dtextaug,0.01
simple,0.01
vllm,0.01
sglang,0.01
qwen3coder480ba35b,0.01
modernbert,0.01
openpangu7b,0.01
iimedical8b,0.01
maskedirl,0.01
lcrl,0.01
explicitmask,0.01
t5transformer,0.01
gpdkl,0.01
skoptgp,0.01
smac3,0.01
sobolsequence,0.01
latinhypercube,0.01
tpe,0.01
multivariatetpe,0.01
llambomc,0.01
kdragent,0.01
chatie,0.01
selfimproving,0.01
cmas,0.01
codeie,0.01
originalsystem,0.01
sonnet35,0.01
ada002,0.01
sparseautoencoder,0.01
gelu1l,0.01
semanticentropy,0.01
seu,0.01
sindex,0.01
lnpe,0.01
lnpp,0.01
ptrue,0.01
mind,0.01
eubhd,0.01
selfcheckgptmqa,0.01
selfcheckgptbs,0.01
llmq,0.01
llmqa,0.01
bertq,0.01
bertqa,0.01
pipeline,0.01
digitaltwin,0.01
pythia14b,0.01
deepseekv32speciale,0.01
deepseekv32sft,0.01
deepseekv31terminus,0.01
embmarker,0.01
warden,0.01
wet,0.01
nllb,0.01
statelessbaseline,0.01
mfcbaseline,0.01
hierrouter,0.01
phi4reasoning,0.01
mistralmedium31,0.01
mistralmedium3,0.01
jambalarge,0.01
commanda,0.01
commandr,0.01
claudehaiku3,0.01
openchat35,0.01
novalite,0.01
qwen25base7b,0.01
forkingtokens,0.01
klcov,0.01
less,0.01
sonnet4,0.01
midjourney,0.01
claude3,0.01
rnn,0.01
medllama8b,0.01
pipelinellama,0.01
multimodalllama,0.01
tsftransformer,0.01
simcse,0.01
roomplanner,0.01
setthescene,0.01
gala3d,0.01
dreamscene,0.01
shape,0.01
codellama13binstruct,0.01
google,0.01
textevaluator,0.01
grammarly,0.01
bloom7b,0.01
falcon11b,0.01
gpt259b,0.01
zspace,0.01
llmrag,0.01
ficots,0.01
timevlm,0.01
s2ipllm,0.01
imad,0.01
mad,0.01
groupdebate,0.01
down,0.01
qwen30,0.01
clinicalclip,0.01
pmcclip,0.01
llm2clip,0.01
qwenclip,0.01
textembedding3,0.01
lama,0.01
metaphorroberta,0.01
interlace,0.01
magnitudepruning,0.01
sleb,0.01
pipertts,0.01
wav2vec2xlsr,0.01
diffusionunet,0.01
thorstenvoice,0.01
amyvoice,0.01
hapm,0.01
mixup,0.01
mixstyle,0.01
ddaig,0.01
ats,0.01
fishr,0.01
mdlt,0.01
green,0.01
cabnet,0.01
milvit,0.01
drgen,0.01
gdrnet,0.01
clipdr,0.01
protonet,0.01
semfew,0.01
lgpn,0.01
ssit,0.01
webrec,0.01
pod,0.01
genrec,0.01
rarec,0.01
ropg,0.01
ragdrafter,0.01
llamachat,0.01
prompttailor,0.01
openaiada002,0.01
aizynthfinder,0.01
mistralsmall3,0.01
hierarchicaltransformer,0.01
erm,0.01
dann,0.01
els,0.01
sdat,0.01
vlpuda,0.01
blms,0.01
cmo,0.01
vs,0.01
proco,0.01
parnet,0.01
cmal,0.01
prenet,0.01
mhem,0.01
ltds,0.01
boda,0.01
foodlmm,0.01
moc,0.01
moc28,0.01
llamagqa,0.01
finetunedgpt41,0.01
omnizip,0.01
corec,0.01
llamarec,0.01
dominant,0.01
anomalydae,0.01
cola,0.01
done,0.01
adone,0.01
conad,0.01
lladav,0.01
lavidadream,0.01
vtw,0.01
edison,0.01
adaembedding,0.01
watersearch,0.01
kgwhard,0.01
kgwsoft,0.01
gptwatermark,0.01
v2watermark,0.01
pegasus,0.01
parrot,0.01
gem,0.01
sega,0.01
rewardmodel,0.01
pro,0.01
ipo,0.01
mobilenet,0.01
deepseekv32think,0.01
qwenvlmax2024,0.01
qwen3guardstream,0.01
qwen25base,0.01
llama3base,0.01
llamapromptguard,0.01
llamapromptguard2,0.01
huaweixiaoyi,0.01
minilml12,0.01
tulu3,0.01
tulu3r,0.01
tulu3actalign,0.01
tulu3walign,0.01
tulu3actrot,0.01
tulu3actscale,0.01
saswe32b,0.01
sweagentlm32b,0.01
sweswiss,0.01
kimidev,0.01
deepswe,0.01
qwen34bmarco,0.01
qwen34brevd,0.01
qwen34br2vul,0.01
qwen34bvulpo,0.01
qwen257binstructr2vul,0.01
deepseekr10528qwen38b,0.01
slsreuse,0.01
sniff,0.01
unif,0.01
llmvariant,0.01
auvic,0.01
preferenceoptimization,0.01
gakl,0.01
siu,0.01
bgebaseenv15,0.01
gtrt5large,0.01
gtrt5xl,0.01
alldistilrobertav1,0.01
selfai,0.01
tensornetwork,0.01
siren,0.01
resnet,0.01
mae,0.01
fashionnn,0.01
nnunet,0.01
nnunetrevisited,0.01
dnn,0.01
gridsearch,0.01
bayesiansearch,0.01
llmsolver,0.01
llmes,0.01
"('gpt4', 'o3mini')",0.01
deepseekqwen2,0.01
eagledraft,0.01
deepseekv31wo,0.01
chatgptdeepresearch,0.01
geminideepresearch,0.01
explainableguard,0.01
egnocot,0.01
minigpt4,0.01
shikra,0.01
mistral7binst,0.01
llama3370binst,0.01
mistralsmall3224binst,0.01
llama4scout17b16einst,0.01
llama4maverick17b128einst,0.01
qwen3235binst,0.01
qwen3235bthink,0.01
gemma3large,0.01
llama32small,0.01
chinesealpaca,0.01
hskagent,0.01
novamicro,0.01
glm,0.01
doubao,0.01
chengpian,0.01
surveyx,0.01
surveygo,0.01
scienceone,0.01
omnipt,0.01
sort,0.01
ocsort,0.01
motr,0.01
motrv2,0.01
smoter,0.01
crtracker,0.01
qwen25math7bprm800k,0.01
easynmt,0.01
wenxin,0.01
pocketllm,0.01
llmpruner,0.01
bolaco,0.01
duquant,0.01
vptq,0.01
sola,0.01
gptvq,0.01
smoothquant,0.01
sobp,0.01
fullrefresh,0.01
icldiff,0.01
iclenglish,0.01
incft,0.01
gitdiffincft,0.01
fullfileincft,0.01
incontextalias,0.01
mistral31,0.01
magistral,0.01
diffugrpo,0.01
cjgrpo,0.01
gdpo,0.01
d2,0.01
atpo,0.01
afm,0.01
losnewmcq,0.01
unitarytoxicity,0.01
phi37b,0.01
phi313b,0.01
anita8b,0.01
minerva7b,0.01
nllb33b,0.01
bertops,0.01
slatemodel,0.01
flant5xl,0.01
llrpipeline,0.01
loopedonly,0.01
endtoend,0.01
hunyuan18binstruct,0.01
mobilellmr1950m,0.01
repro,0.01
utilitarianmodel,0.01
deontologicalmodel,0.01
virtuemodel,0.01
swarmframework,0.01
omegafold,0.01
rosetta,0.01
alphafold,0.01
protgpt2,0.01
rfdiffusion,0.01
proteinmpnn,0.01
prodyanm,0.01
bestselserver,0.01
llama2base7b,0.01
llama2base13b,0.01
llama2chat7b,0.01
llama2chat13b,0.01
llama2math7b,0.01
llama2math13b,0.01
llama2prog7b,0.01
llama2prog13b,0.01
qwenprog7b,0.01
fwsvd,0.01
basel,0.01
vipllava13b,0.01
pilot,0.01
carpetfuzz,0.01
prophetfuzz,0.01
zigzagfuzz,0.01
selectfuzz,0.01
pilotcf,0.01
pilotzz,0.01
pilotsf,0.01
pilotgpt,0.01
grok4web,0.01
nesymres,0.01
codegen25,0.01
wizardcoder,0.01
kimivla3bthinking,0.01
ernie45vla3b,0.01
longva7bdpo,0.01
phi35vision,0.01
mimo7b,0.01
e2e,0.01
dsr,0.01
udsr,0.01
pysr,0.01
hermes4405b,0.01
hermes38b,0.01
graphif,0.01
hermes3llama318b,0.01
llama31storm8b,0.01
memorybank,0.01
memochat,0.01
memagent7b,0.01
selfrefine,0.01
arima,0.01
qwen25cpt,0.01
qwen25sft,0.01
med42v270b,0.01
med42v28b,0.01
gamma227b,0.01
ivytmkstructured,0.01
ivytmkbasic,0.01
raggpt,0.01
standardgpt,0.01
internlm38binstruct,0.01
gplearn,0.01
qwen2514binstructq8,0.01
o3low,0.01
gpt4o20240806,0.01
mistralnemoinstruct2407,0.01
grok3minihigh,0.01
amazonnovalite,0.01
gemini20flashexp,0.01
o4minilow,0.01
mentalllama2,0.01
pas,0.01
llamasupport,0.01
o1low,0.01
gpt35turbo0301,0.01
mercurycodersmall,0.01
deephermes3llama38b,0.01
o4minihigh,0.01
lsat,0.01
mentalwellness,0.01
gemini20flashthinking,0.01
mistralsmallinstruct2409,0.01
ayaexpanse,0.01
gemma312biq4,0.01
gaodemaps,0.01
chatbison32k,0.01
o1medium,0.01
grok3minilow,0.01
o3minilow,0.01
tpsr,0.01
ayaenesft,0.01
gpt35turbo0613,0.01
gemini20flashliteprev,0.01
o3medium,0.01
bprmf,0.01
gemma312bq8,0.01
claude35sonnetv2,0.01
randomagent,0.01
dragon1,0.01
stockfish17,0.01
whisperlargev3,0.01
ayaarzhft,0.01
llavav1634bhf,0.01
llavaonevisionqwen27bovhf,0.01
urag3b,0.01
urag7b,0.01
urag4b,0.01
ovis234b,0.01
layoutlmv3,0.01
hivt5,0.01
docformerv2,0.01
gram,0.01
llavanextinterleave,0.01
idefics3,0.01
mplugdocowl2,0.01
mplugdocowl15,0.01
cream,0.01
vipllava7b,0.01
pdfwukong,0.01
internlmxc24khd,0.01
monkey,0.01
cogvlm2llama3,0.01
m3docrag,0.01
baidumaps,0.01
kimik2instruct0905,0.01
mmembed,0.01
svrag,0.01
gptrace,0.01
crashwalk,0.01
default,0.01
igor,0.01
claudesonnet4520250929,0.01
stellaen15bv5,0.01
cosp,0.01
m3llm8b,0.01
stride,0.01
naiveagent,0.01
heuristicthreshold,0.01
healthgpt14b,0.01
llmmemcluster,0.01
kmeanstfidf,0.01
spectral,0.01
pandasagent,0.01
kmeansinst,0.01
agentpoirot,0.01
auggen,0.01
llminit,0.01
blenderinterface,0.01
videollama2,0.01
acckv,0.01
h2o,0.01
snapkv,0.01
lookm,0.01
bgpshield,0.01
ap2vec,0.01
beam,0.01
pnps,0.01
energy,0.01
kimik15,0.01
clipn,0.01
neglabel,0.01
msp,0.01
odin,0.01
gradnorm,0.01
vim,0.01
linearobserver,0.01
maxlogit,0.01
eoe,0.01
vos,0.01
coop,0.01
cocoop,0.01
locoop,0.01
negprompt,0.01
vig,0.01
rareseekr1,0.01
meditron70b,0.01
mmedlm70b,0.01
clinicalcamel70b,0.01
nvlmd72b,0.01
molmo72b0924,0.01
phenotagger,0.01
phenobert,0.01
clinphen,0.01
exomiser,0.01
phenodp,0.01
phen2disease,0.01
baseic,0.01
phrank,0.01
hpcagenttester,0.01
layoutlmdqa,0.01
vitgpt2,0.01
blipcaptl,0.01
blipcaptb,0.01
blip227b,0.01
blip267b,0.01
trocrbp,0.01
detrr50,0.01
detrr101,0.01
viltb32vqa,0.01
blipvqal,0.01
blipvqab,0.01
gitlvqav2,0.01
gitbtextvqa,0.01
gitbvqav2,0.01
beitb16,0.01
yolov8s,0.01
sd15,0.01
openjourney,0.01
sd21,0.01
staticbayesian,0.01
internlm18b,0.01
mobilevlm,0.01
graphmind,0.01
chainofthought,0.01
treeofthought,0.01
graphofthought,0.01
activeprompt,0.01
llmarc,0.01
wognn,0.01
gpt05b,0.01
gpt1b,0.01
gpt3b,0.01
gpt7b,0.01
fmlp,0.01
codeqwenchat,0.01
verilogeval,0.01
chipnemo,0.01
rtlllm,0.01
rtlcoder,0.01
origen,0.01
verigen,0.01
haven,0.01
betterv,0.01
autovcoder,0.01
verireason,0.01
veriseek,0.01
earl,0.01
llamasae,0.01
nechov3,0.01
aimeteorologist,0.01
sage,0.01
diffqlearning,0.01
human,0.01
sequentialbayesian,0.01
solar107b,0.01
zephyr7b,0.01
orca27b,0.01
deepseekllm7b,0.01
llama213bclassifier,0.01
llama38bevaluator,0.01
equalweighting,0.01
trsr,0.01
bayesfusion,0.01
qwen7battacker,0.01
gemma29battacker,0.01
pytheus,0.01
impact4cast,0.01
scimuse,0.01
pca,0.01
polynomialmodel,0.01
llama70bfp8,0.01
smartllm,0.01
selfcorrective,0.01
ltaa,0.01
dynamicprogramming,0.01
qlearning,0.01
bruteforce,0.01
greedymethod,0.01
doubao16vision,0.01
camembertav2,0.01
frdepnewstrf,0.01
zhcoreweblg,0.01
historicfrench,0.01
historicchinese,0.01
spacyner,0.01
mistral12b,0.01
yi156b,0.01
yi159b,0.01
pointflowmatch,0.01
productionranker,0.01
directrec,0.01
basereason,0.01
fastreason,0.01
structuralreasoning,0.01
softselfconsistency,0.01
pathmind,0.01
sftgrpo,0.01
l2hp,0.01
nl2htn,0.01
aries,0.01
kvmem,0.01
smollm2,0.01
midpoint,0.01
leapfrog,0.01
openbiollm8b,0.01
dpomodel,0.01
iclmodel,0.01
yehia7bpreview,0.01
allam7binstructpreview,0.01
loramoe,0.01
yehia7bsftreasoningpreview,0.01
tempmotacillacinerea0308,0.01
qwen25lumen14b,0.01
saka14b,0.01
suhail14bpreview,0.01
lambdaqwen2514bdpotest,0.01
qwen2514bgutenberg1edelta,0.01
rombosllmv26qwen14b,0.01
fanar19binstruct,0.01
hala9b,0.01
emirati14bv2,0.01
qwen257binstructabliteratedv2,0.01
silma9binstructv10,0.01
te81,0.01
ilora,0.01
recoilmegemma29bv04,0.01
qwen257binstructuncensored,0.01
josiefiedqwen257b,0.01
qwen257binstructabliterated,0.01
sauerkrautlmnemo12binstruct,0.01
hala12b,0.01
hala350m,0.01
hala700m,0.01
dspyclassifier,0.01
graftnet,0.01
nsm,0.01
srnsm,0.01
claudesonnet4520250929thinking,0.01
claudeopus4120250805,0.01
rearev,0.01
xlnet,0.01
proposedmethod,0.01
evorec,0.01
mentornet,0.01
coteaching,0.01
coteachingplus,0.01
sigua,0.01
fine,0.01
activepassive,0.01
sprlnl,0.01
ssrbmv,0.01
selcl,0.01
tablegpt2,0.01
tablellm,0.01
instructblip7b,0.01
kdcot,0.01
qmllm7b,0.01
qmllm8b,0.01
structgpt,0.01
mindmap,0.01
tga,0.01
safeclip,0.01
ecso,0.01
mllmprotector,0.01
chineseroberta,0.01
tog,0.01
rog,0.01
paddleocrvl,0.01
linearmixedeffects,0.01
sgd,0.01
lightprof,0.01
yices,0.01
cvc5,0.01
geniecat,0.01
redoxmlp,0.01
randomeffects,0.01
trimandfill,0.01
knowpath,0.01
r1,0.01
phishintention,0.01
phishpedia,0.01
gpt5chatlatest,0.01
gnnrag,0.01
retraining,0.01
qwen3vl30ba3bthinking,0.01
glm4vplus0111,0.01
ernie45turbovl32k,0.01
minimaxtext01,0.01
itemrag,0.01
icl,0.01
adaptrec,0.01
wosimitems,0.01
wocopurch,0.01
subgraphrag,0.01
flair,0.01
bertner,0.01
twotower,0.01
policymodel,0.01
eperm,0.01
finetuning,0.01
biancangqwen257b,0.01
sunsimiaoqwen27b,0.01
shizhengpt32bllm,0.01
zhongjinggpt13b,0.01
taiyi2,0.01
tasa,0.01
vanillaicl,0.01
mathchat,0.01
tutorllm,0.01
pssmv,0.01
gcr,0.01
effiqa,0.01
simkt,0.01
lpkt,0.01
bgeencoder,0.01
apertus8b,0.01
eurollm9b,0.01
binaryintegerprogramming,0.01
eventcausnet,0.01
cpn,0.01
pog,0.01
dcrnn,0.01
graphwavenet,0.01
4omini,0.01
mistral3224binstruct,0.01
baichuanm232bgptqint4,0.01
gpt5omini,0.01
pat,0.01
flashattention,0.01
flashinfer,0.01
fasttree,0.01
bge,0.01
cvaegnn,0.01
cvaellm,0.01
cvaeperturbation,0.01
cvaeonly,0.01
apragent,0.01
dsgrpo,0.01
pkpo,0.01
grpkpo,0.01
cispo,0.01
gpt5think,0.01
pythia14m,0.01
distilbertbase,0.01
llava157bhf,0.01
instructblipvicuna7b,0.01
affordbot,0.01
openmask3d,0.01
openmask3df,0.01
lerf,0.01
openins3d,0.01
fun3du,0.01
molmo,0.01
airoboros70b,0.01
switchtransformer,0.01
tinyllama1t,0.01
curió11b,0.01
curió7b,0.01
sabiá7b,0.01
rollama27b,0.01
falcon33b,0.01
echomodel,0.01
ftkl,0.01
sabiá3,0.01
tucano24b,0.01
invgcllm,0.01
invgcn,0.01
gcllm,0.01
invgcl,0.01
lightgcl,0.01
sgl,0.01
invcf,0.01
bod,0.01
apda,0.01
graphda,0.01
drgnn,0.01
artiworld,0.01
arti4urdf,0.01
urdformer,0.01
articulateanything,0.01
ulip2,0.01
pointbert,0.01
biobart,0.01
firm,0.01
agentverse,0.01
fedcmooa,0.01
gpt35turbo16k,0.01
gpt2helpful,0.01
whisperlarge,0.01
pval,0.01
promptedpval,0.01
unet,0.01
resnet152,0.01
inceptionv3,0.01
vgg19,0.01
vitbase16,0.01
lattice,0.01
cl4srec,0.01
morec,0.01
recdcl,0.01
sprec,0.01
msrbench,0.01
mllmmsr,0.01
hanorec,0.01
gpt2harmless,0.01
mamba14b,0.01
recurrentgemma9b,0.01
pythiamodels,0.01
sml,0.01
robertamodel,0.01
wav2vec20,0.01
ridgeregression,0.01
spatialgeo,0.01
aligntreelinear,0.01
llavaosd,0.01
moge,0.01
spatialrgpt,0.01
debertareward,0.01
quantumannealer,0.01
simulatedannealing,0.01
dialoggraphllm,0.01
mult,0.01
magbert,0.01
tclmap,0.01
amess,0.01
glm49b0414,0.01
mistralsmall31,0.01
draftrl,0.01
cod,0.01
qwen3next80b,0.01
chateval,0.01
rlhf,0.01
rlaif,0.01
mockllm,0.01
sentencetransformerminilm,0.01
federatedlogistic,0.01
olmo,0.01
topicclassifier,0.01
emem,0.01
ememg,0.01
fullcontext,0.01
rag4096,0.01
zep,0.01
nemori,0.01
pcr,0.01
vectorsearch,0.01
hybrid,0.01
rellm,0.01
gamsmodel,0.01
mthitzeneu,0.01
clipvitl14336,0.01
moonshootv18k,0.01
qwq32bpreview,0.01
gemini3propreview,0.01
granite40hmicro,0.01
linearprobes,0.01
intern257bchat,0.01
gpt5mini20250807,0.01
llamav1,0.01
summacconv,0.01
eager,0.01
llamav2,0.01
slicegpt,0.01
sandwichdefense,0.01
qresafe,0.01
qlora,0.01
nvila15b,0.01
rloo,0.01
naiverag,0.01
basetoolcall,0.01
olmo7binstruct,0.01
paraphraseminilml6v2,0.01
qwen3next,0.01
flap,0.01
spinquant,0.01
gpt5o,0.01
jamba15,0.01
learnopt,0.01
eureka,0.01
svdllm,0.01
gemini25lite,0.01
mixturemodel,0.01
llm4eo,0.01
llm4od,0.01
llm4ev,0.01
llm4eonpa,0.01
ga,0.01
fga,0.01
slga,0.01
gp,0.01
gep,0.01
ts,0.01
easbased,0.01
fastforwardpruning,0.01
hgwo,0.01
hqpso,0.01
hlopso,0.01
slabc,0.01
hsats,0.01
htssa,0.01
milp,0.01
aia,0.01
igar,0.01
giovanniga,0.01
luga,0.01
wuga,0.01
cro,0.01
intern35vl,0.01
phi4vision,0.01
pixtral2409,0.01
grpoen,0.01
internal3bmodel,0.01
avblip,0.01
longcontextqformer,0.01
omnivore,0.01
ast,0.01
grpoadv,0.01
glove,0.01
deepnetwork,0.01
mpnetbase,0.01
zephyr7bbeta,0.01
dollyv27b,0.01
mistral7bsftbeta,0.01
eurusrm7b,0.01
mistralv3,0.01
gencann,0.01
constrainedgencann,0.01
cann,0.01
csga,0.01
auto,0.01
bayesianoptimization,0.01
seedaichemy,0.01
g2fuzz,0.01
afl,0.01
pythia70m,0.01
qwen1505b,0.01
mistralsaba,0.01
openaillm,0.01
llavaprumerge,0.01
aks,0.01
bolt,0.01
cope,0.01
clinicalbert,0.01
clinicalml,0.01
singlestepllm,0.01
grpoverif,0.01
bitagent,0.01
grpomask,0.01
wmclip,0.01
genrl,0.01
founder,0.01
plan2explore,0.01
ensemble,0.01
personal,0.01
omnisql7b,0.01
grpoclip,0.01
grpocov,0.01
ovis169b,0.01
qwen7b25,0.01
doclayoutyolo,0.01
gotocr2,0.01
glinerlarge,0.01
enchtable,0.01
hicqagraph,0.01
openclip,0.01
xlmr,0.01
grpohighen,0.01
qwenvlflash,0.01
livemamba,0.01
videollmonline,0.01
videochatgpt,0.01
sent,0.01
videollava,0.01
internvit300m,0.01
mamba130m,0.01
detr,0.01
fairy2iw1,0.01
fairy2iw2,0.01
llavav16vicuna13b,0.01
deepseekllm7bbase,0.01
openaigpt,0.01
gedi,0.01
llmmas,0.01
agentasagraph,0.01
qretrieval,0.01
rrf,0.01
mcpzero,0.01
scalemcp,0.01
textembedding005,0.01
geminiembedding001,0.01
mammoth28bplus,0.01
chainofdraft,0.01
sketchofthought,0.01
softthinking,0.01
skeletonofthought,0.01
o1pruner,0.01
tokenskip,0.01
muduollm,0.01
mtattack,0.01
blended,0.01
sig,0.01
refool,0.01
wanet,0.01
vltrojan,0.01
shadowcast,0.01
minigptv2,0.01
gpt2sft,0.01
gpt2dpo,0.01
tulu27b,0.01
tulu27bdpo,0.01
distilbertimdb,0.01
llama27brm,0.01
oasstrm69b,0.01
ultrarm13b,0.01
dream,0.01
fairy2iw3,0.01
realbinary,0.01
openhermes25mistral7b,0.01
deepseekr1distillqwen7bjapanese,0.01
qwen306bsft,0.01
star06b,0.01
star8b,0.01
fewsoc,0.01
bayesmixedglmm,0.01
chicksexer,0.01
chatgpt4,0.01
grokcodefast,0.01
realternary,0.01
o3high,0.01
devstralmedium,0.01
athenev2,0.01
athenev2agent,0.01
qwen38bown,0.01
storm,0.01
hyperion,0.01
heft,0.01
gpipe,0.01
phi3medium,0.01
edgc,0.01
megatronlm,0.01
powersgd,0.01
optimuscc,0.01
gpt225b,0.01
gpt2121b,0.01
resta,0.01
hermes,0.01
goedelproverv28b,0.01
goedelautoformalizer8b,0.01
ppoentireplan,0.01
zscot,0.01
majority5,0.01
skyworkrewardllama318bv02,0.01
armormllama38bv01,0.01
mathshepherdmistral7bprm,0.01
rlhflowllama318bprmdeepseekdata,0.01
gpt4o1120,0.01
tsvm,0.01
t5small,0.01
nagphormer,0.01
hetsann,0.01
rhgnn,0.01
hinormer,0.01
simgrace,0.01
graphcl,0.01
heco,0.01
shgp,0.01
gppt,0.01
hgprompt,0.01
graphadapter,0.01
graphbridge,0.01
engine,0.01
thlm,0.01
ghgrl,0.01
ella,0.01
ties,0.01
mlpprobe,0.01
promptbridge,0.01
maprpe,0.01
miprov2,0.01
gepa,0.01
gpt5optimizer,0.01
mapcoder,0.01
minisweagent,0.01
terminus,0.01
reled,0.01
ippo,0.01
mappo,0.01
qmix,0.01
reledwo,0.01
modelstock,0.01
reledlogit,0.01
claimbaseline,0.01
querybaseline,0.01
randombaseline,0.01
netdetox,0.01
attackgnn,0.01
llmpirate,0.01
omla,0.01
gnn4ip,0.01
gnnre,0.01
redteamllm,0.01
cartesianbert,0.01
addonedimbert,0.01
asdatjm,0.01
hiertransbert,0.01
pbjm,0.01
tkinstructdef,0.01
tkinstructdefpos,0.01
chatglm45,0.01
pisanitizer,0.01
sandwichprevention,0.01
instructionalprevention,0.01
metasecalign,0.01
datafilter,0.01
promptarmor,0.01
promptlocate,0.01
datasentinel,0.01
attentiontracker,0.01
attntrace,0.01
colayout,0.01
holodeck,0.01
anyhome,0.01
qalign,0.01
adaptiveagent,0.01
proceduralagent,0.01
valuecell,0.01
bgesmallen,0.01
calm,0.01
calm2,0.01
calmdistill,0.01
qwen306bbase,0.01
mediphi,0.01
gemma34bpt,0.01
medgemma4bpt,0.01
twitterrobertasentiment,0.01
perplexity,0.01
llasasft,0.01
llasarl,0.01
llasarlfm,0.01
seedtts,0.01
sparktts,0.01
flowmatching,0.01
grok3reasoner,0.01
partxmllm,0.01
singleencoder,0.01
partfield,0.01
omnipart,0.01
gpt4point,0.01
pointllm7b,0.01
pointllm13b,0.01
shapellm13b,0.01
shapellmomni7b,0.01
care,0.01
pc,0.01
ges,0.01
icalingam,0.01
directlingam,0.01
fci,0.01
boss,0.01
dolly2,0.01
fusedsystem,0.01
selfcheckgpt,0.01
dpofull,0.01
aionopediagalactica125m,0.01
aionopediagalactica13b,0.01
aionopediaqwen3,0.01
aionopediagemma3,0.01
molca,0.01
t5chem,0.01
molinst,0.01
spmm,0.01
llasmol,0.01
presto,0.01
ilbert,0.01
mdsimulation,0.01
glpk,0.01
kgw,0.01
gumbelmax,0.01
synthid,0.01
kgwd,0.01
gaussmark,0.01
marktune,0.01
opusmtenfr,0.01
opusmtfren,0.01
dpolora,0.01
vila1540b,0.01
llava167b,0.01
qebm25,0.01
doc2query,0.01
colbert,0.01
llama3370bq4,0.01
prover9,0.01
pyke,0.01
pythonconstraint,0.01
openaigpt4o,0.01
qwen3vl30b,0.01
gpt5imagemini,0.01
ppointeractive,0.01
guidedneuralsearch,0.01
smartembed,0.01
saint,0.01
evomaster,0.01
wmact,0.01
llavavideo,0.01
santa,0.01
halva,0.01
hacl,0.01
wizardlm13b,0.01
wizardmath13b,0.01
codealpaca,0.01
mergebarrier,0.01
mergebarrieratt,0.01
mergebarrierffn,0.01
params,0.01
taylormlp,0.01
fastmmoe,0.01
tiesmerging,0.01
dare,0.01
codeinterpretationmodel,0.01
agentodrl,0.01
magicoder7b,0.01
e5basev2,0.01
deltaloss,0.01
wifi6obsspd,0.01
csmaca,0.01
owlgorithm,0.01
markovchain,0.01
oneforall,0.01
sgc,0.01
e5largev2,0.01
graphtextack,0.01
nettack,0.01
tdgia,0.01
afgsm,0.01
g2a2c,0.01
gani,0.01
wtgia,0.01
prbcd,0.01
bertattack,0.01
hotflip,0.01
viper,0.01
preferential,0.01
innospark7b0715,0.01
tssf,0.01
rv,0.01
alphasteer,0.01
jailbreakantidote,0.01
eraseandcheck,0.01
perplexityfilter,0.01
backtranslation,0.01
sap,0.01
asft,0.01
nlsr,0.01
metadefense,0.01
hass,0.01
dpofinetunedmodel,0.01
olsregression,0.01
chatgpt41,0.01
metawit,0.01
cloze,0.01
physionet,0.01
magistral2506thinking,0.01
kimik20905,0.01
adav2,0.01
coder17b,0.01
oursrlvr7b,0.01
oursrlvr7breinforce,0.01
oursrlvr32b,0.01
s1132b,0.01
harmbench,0.01
mlphead,0.01
kardiar1,0.01
harnessing,0.01
reflectdiffu,0.01
psyllm,0.01
skyworkrewardv2,0.01
spreadingmodel,0.01
coupledmechanisms,0.01
llmconnectome,0.01
neuralgraphicalmodel,0.01
svam,0.01
pcmci,0.01
dynamiccausal,0.01
stanza,0.01
bioen,0.01
grok30beta,0.01
directmethod,0.01
dmplus,0.01
trinity,0.01
qwen332bdirect,0.01
qwen332breasoning,0.01
masrouter,0.01
llmonetime,0.01
smoothie,0.01
moa,0.01
clinicalr13b,0.01
mbert,0.01
ceonly,0.01
top5ann,0.01
wel,0.01
vanillarag,0.01
mainrag,0.01
morarag,0.01
mathverify,0.01
ccpo,0.01
cpo,0.01
cpobatch,0.01
cpoonline,0.01
uala,0.01
gpt4oexit,0.01
codegen61b,0.01
poisonedcodegen,0.01
nanov29b,0.01
nanov212b,0.01
cnnlstm,0.01
llama35,0.01
llmhierarchical,0.01
triposg,0.01
partcrafter,0.01
parablock,0.01
fedbcd,0.01
fedcybgd,0.01
ffalora,0.01
flora,0.01
fullft,0.01
base,0.01
fedlora,0.01
phi4reasoningplus,0.01
sapbertllmonetime,0.01
medvcd,0.01
llavamed15,0.01
medflamingo,0.01
radfm,0.01
medvint,0.01
minigptmed,0.01
pubmedclip,0.01
biomedclip,0.01
biomedgpt,0.01
internvl2,0.01
opera,0.01
beamsearch,0.01
greedy,0.01
rule,0.01
factmmrag,0.01
damro,0.01
m3id,0.01
avisc,0.01
skypilot,0.01
qwen34bcot,0.01
qwen34bmcts,0.01
phi3mini4b,0.01
mistral7binstr,0.01
clipvitb32,0.01
sgaacr,0.01
pporesnet,0.01
rainbow,0.01
dreamerv3,0.01
adarefiner,0.01
causalawarellms,0.01
spring,0.01
humanexperts,0.01
jointmodel,0.01
admmdistributed,0.01
centralizedgurobi,0.01
ernie45,0.01
lfm2,0.01
lfm28b,0.01
jambamini,0.01
granite40,0.01
remsa,0.01
remsanaive,0.01
dbretrieval,0.01
unstructuredrag,0.01
season,0.01
tcd,0.01
dinoheal,0.01
arrowrl,0.01
tpo,0.01
llavit,0.01
clipvitl14,0.01
mha,0.01
a,0.01
lac,0.01
promptedpolicysearch,0.01
propsplus,0.01
sapbertllmhierarchical,0.01
trpo,0.01
openaies,0.01
tabusearch,0.01
mupluslambdaes,0.01
adam,0.01
neldermead,0.01
qwen2514bfinetuned,0.01
reasoningllama321b,0.01
voxtralmini3b2507,0.01
aero1audio,0.01
kernelband,0.01
geak,0.01
deepseekcoder33b,0.01
yi34b,0.01
skyworkreward,0.01
graniteguardian338b,0.01
graniteguardian325b,0.01
qwen3guard8b,0.01
nemotronsafety8b,0.01
olmo213b,0.01
hft,0.01
gmt,0.01
ssuwanda,0.01
ssurand,0.01
ssumag,0.01
ssusparsegpt,0.01
ssufim,0.01
lota,0.01
s2ft,0.01
flowjudge,0.01
glotlid,0.01
jinaembeddingsv4,0.01
iraceevo,0.01
irace,0.01
cmsa,0.01
qwen257bmedicine,0.01
qwen257babliteratedv2,0.01
qwen332bfp8,0.01
llemma7b,0.01
shearedllama27b,0.01
sparsellama27b,0.01
prof,0.01
cerebrasgpt13b,0.01
mpt7b,0.01
llama2finance7b,0.01
wizardmath7b,0.01
bc,0.01
shearedllama13b,0.01
oril,0.01
wandallama27b,0.01
gblmllama27b,0.01
evollmjp7b,0.01
shisagamma7bv1,0.01
wizardmath7b11,0.01
abel7b002,0.01
fusellm7b,0.01
cerebrasgpt,0.01
pythia67b,0.01
acesafety,0.01
acesafetyattack,0.01
acesafetydefense,0.01
wikontic,0.01
vicuna33b,0.01
autodan,0.01
gptfuzzer,0.01
tap,0.01
advprompter,0.01
proadvprompter,0.01
mpa,0.01
ppl,0.01
icag,0.01
lat,0.01
circuitbreakers,0.01
mart,0.01
saadp,0.01
dpsgd,0.01
nodp,0.01
deepseekproverv2,0.01
cogito70b,0.01
kggen,0.01
cogito8b,0.01
oralgptomni,0.01
graphrag,0.01
qwenmaxvl,0.01
deepseekvl7bchat,0.01
mimovl7b,0.01
phi4multimodalinstruct,0.01
r4b,0.01
ovis259b,0.01
medvlmr1,0.01
medr1diagnosis,0.01
chirono18b,0.01
healthgpt,0.01
healthgptxl32,0.01
hipporag,0.01
nngpt,0.01
deepseekcoder13bbase,0.01
codellama7bpythonhf,0.01
deepseekcoder7binstructv15,0.01
deepseekcoder7bbasev15,0.01
deepseekmath7bbase,0.01
deepseekcoderv2litebase,0.01
deepseekcoder13binstruct,0.01
deepseekv216b,0.01
optuna,0.01
airnet,0.01
ordmoe,0.01
qwen25turbo,0.01
hipporagv2,0.01
allminilml6,0.01
openaimoderation,0.01
icadllm,0.01
anomalytransformer,0.01
onefitsall,0.01
dagmm,0.01
goad,0.01
logcluster,0.01
deeplog,0.01
loganomaly,0.01
logbert,0.01
neutralad,0.01
acr,0.01
eegagent,0.01
normalabnormal,0.01
eyemmuscle,0.01
seizartibckg,0.01
seiznormal,0.01
slowseizbckg,0.01
litmof,0.01
maceoff24,0.01
macempa0,0.01
debertav3base,0.01
qwen3235ba22b2507,0.01
qwen330ba3b2507,0.01
gemma3ne4b,0.01
arigraph,0.01
lladamoe,0.01
mmadamixcot,0.01
uniformdistributed,0.01
uniformlocalist,0.01
progressivelinear,0.01
progressivecubic,0.01
progressivequintic,0.01
avstzero,0.01
avstzeroomni,0.01
groundinggpt,0.01
readagent,0.01
videochatr1,0.01
cogalpha,0.01
graphreader,0.01
adaboost,0.01
gru,0.01
alpha158,0.01
alpha360,0.01
yolov11mlge,0.01
yolov11baseline,0.01
uds,0.01
mlgeafterneck,0.01
yolov8mlge,0.01
attengait,0.01
gaitnet,0.01
gaitset,0.01
lightgaitset,0.01
e2egr,0.01
depthgait,0.01
combogait,0.01
rgbonly,0.01
depthonly,0.01
earlyfusion,0.01
midlevelconcat,0.01
latefusion,0.01
medvlm,0.01
medvisionllama,0.01
vlmt,0.01
nasvlm,0.01
openevidence,0.01
uptodateexpertai,0.01
llmaid,0.01
aidiscriminator,0.01
adatok,0.01
otr,0.01
holmes,0.01
seabo,0.01
dynllava,0.01
fastervlm,0.01
hired,0.01
dart,0.01
holov,0.01
mobilesam,0.01
mynabolo,0.01
persistence,0.01
aya32b,0.01
qwen480b,0.01
script,0.01
temporalsmoothing,0.01
stratifiedrandom,0.01
videollava7b,0.01
claudeopus4thinking,0.01
gemini25prothinking,0.01
mistrallarge2411,0.01
sqil,0.01
ackrec,0.01
demodice,0.01
unitok,0.01
p5tid,0.01
letter,0.01
apdagents,0.01
doubao15pro32k,0.01
glmembeddingv2,0.01
layoutdiffusion,0.01
layoutformer,0.01
layoutprompter,0.01
layoutvae,0.01
layoutgan,0.01
ndn,0.01
layouttransformer,0.01
lstnone,0.01
c2dsr,0.01
tricdr,0.01
syncrec,0.01
smodice,0.01
llmedt,0.01
dolphinllama,0.01
geval,0.01
lang2logic,0.01
evo27b,0.01
focusevo2,0.01
swallow70b,0.01
sarashina270b,0.01
pikeb,0.01
pikeo,0.01
torchinductor,0.01
tensorrt,0.01
metr,0.01
pwil,0.01
smollm217b,0.01
hbm4,0.01
constrainedsql,0.01
sqlr1,0.01
omnisql,0.01
alphasql,0.01
sqlo1,0.01
deepretrieval,0.01
harmbenchllama213bcls,0.01
medgemma,0.01
pomo,0.01
lehd,0.01
sgbs,0.01
bq,0.01
elg,0.01
cnf,0.01
difusco,0.01
concorde,0.01
ortools,0.01
lkh3,0.01
hgs,0.01
qwen1532b,0.01
tulu2dpo70b,0.01
solidframework,0.01
markowitzmodel,0.01
personalizedrouter,0.01
hybridllm,0.01
frugalgpt,0.01
graphrouter,0.01
oracle,0.01
lobsdice,0.01
llama3turbo70b,0.01
nousresearch,0.01
noushermes2,0.01
palmyrafin,0.01
palmyramed,0.01
timeaudio,0.01
salmonn7b,0.01
salmonn13b,0.01
qwen2audior1,0.01
gama,0.01
hubertminichat,0.01
bioclinicalbert,0.01
debertamnli,0.01
loratinyllama,0.01
deepthinkr1,0.01
l4m,0.01
disclawllm,0.01
lexilaw,0.01
gptrag,0.01
llama4rifl,0.01
rubricverifier,0.01
mta,0.01
oppu,0.01
perpcs,0.01
proper,0.01
debertav3large,0.01
gpt35turboinstruct,0.01
typenet,0.01
linguisticanalyzer,0.01
socraticai,0.01
hbllmrow,0.01
hbllmcol,0.01
billm,0.01
pbllm,0.01
arbllmx,0.01
arbllmrc,0.01
framequant,0.01
fullprecision,0.01
omgllava,0.01
starcoder2,0.01
memit,0.01
pmet,0.01
alphaedit,0.01
malmen,0.01
ftl,0.01
adaloral,0.01
codebert,0.01
geminitextembedding004,0.01
adnagent,0.01
functioncall,0.01
multillm,0.01
notrans,0.01
noft,0.01
qwen38bft,0.01
smfa,0.01
gadifference,0.01
klminimization,0.01
idktuning,0.01
manu,0.01
qwenvlplus,0.01
lisa10,0.01
glasshealth,0.01
randomintervention,0.01
nointervention,0.01
openr1qwen7b,0.01
lightr17bds,0.01
phi2,0.01
openmath28b,0.01
openr17b,0.01
made,0.01
gptpilot,0.01
doubao15,0.01
ernie40,0.01
aquasentinel,0.01
cast,0.01
gman,0.01
stssl,0.01
stgmamba,0.01
hydronet,0.01
lsi,0.01
jens,0.01
treerec,0.01
gmm,0.01
sangam,0.01
cent,0.01
h100,0.01
deftllm,0.01
deftllmunseen,0.01
mellm,0.01
constant,0.01
lbptop,0.01
mdmo,0.01
svmof,0.01
game,0.01
offapexnet,0.01
ststnet,0.01
rcna,0.01
nmer,0.01
sssnet,0.01
resnet10,0.01
sca,0.01
led,0.01
rnet18d,0.01
fearref,0.01
wang,0.01
he,0.01
kimik2instruct,0.01
camel,0.01
datagovagent,0.01
finetunedllama32,0.01
faiss,0.01
mcr,0.01
hybridensemble,0.01
svbrdllm,0.01
yolov8x,0.01
prolog,0.01
nrpagd,0.01
pwilstate,0.01
dialogpt,0.01
standardprompt,0.01
ane,0.01
proactive,0.01
procot,0.01
iclaif,0.01
ppdpp,0.01
dpdp,0.01
dpdpsystem1,0.01
tim,0.01
singleagent,0.01
gdpzero,0.01
llama318bchat,0.01
reflection70b,0.01
simpleensemble,0.01
llama3athene70b,0.01
llama38binstructfp16,0.01
mixtralbx22b,0.01
yolox,0.01
groundingdino,0.01
dpt,0.01
visionarycodriver,0.01
tamo,0.01
tapas,0.01
tapex,0.01
erniex1,0.01
toolllama,0.01
llmcompiler,0.01
dtallama,0.01
codellamasolidity,0.01
opencodeinterpreter,0.01
nxcodecq,0.01
permensemble,0.01
weightedensemble,0.01
pbpo,0.01
onlinedpo,0.01
onlineppo,0.01
bestofndistill,0.01
dktforget,0.01
atdkt,0.01
dkvmn,0.01
deepirt,0.01
gkt,0.01
sakt,0.01
cokt,0.01
pebgdkt,0.01
tcl4kt,0.01
simqe,0.01
sthkt,0.01
epfl,0.01
efkt,0.01
hisektds,0.01
hisektqp,0.01
clusterfusion,0.01
agglomerative,0.01
dse,0.01
pckmeans,0.01
llmcorrection,0.01
keyphraseclustering,0.01
sccl,0.01
llmedgerefine,0.01
hsaultralong,0.01
baselm,0.01
swahsa,0.01
trmmoe,0.01
nsa,0.01
moonlight,0.01
llmsrclog,0.01
drain,0.01
spell,0.01
logram,0.01
divlog,0.01
llmlog,0.01
drain3,0.01
e3pruner,0.01
openpanguultramoe718b,0.01
shortgpt,0.01
shearedllama,0.01
darwinlm,0.01
minitron,0.01
balancedforest,0.01
3dslim,0.01
3dgraphllm,0.01
llamcat,0.01
dyncta,0.01
lcs,0.01
cobrra,0.01
dynmg,0.01
bma,0.01
pegasusparaphraser,0.01
mello,0.01
pokemqa,0.01
editcot,0.01
rae,0.01
nemotronsuper49b,0.01
womp,0.01
pllava34b,0.01
cogvlm2video,0.01
glm4vplus,0.01
glmte,0.01
llavanextvideo,0.01
oryx34b,0.01
glm4,0.01
llamavid,0.01
videoutr7b,0.01
optimlmax,0.01
bitnetb158,0.01
ifairy,0.01
bamba9bv2,0.01
nemotronh8b,0.01
mamba28b,0.01
proex,0.01
gccf,0.01
simgcl,0.01
cvga,0.01
kar,0.01
alpharec,0.01
dmrec,0.01
trojanloc,0.01
clverilog,0.01
codevqw,0.01
havencodeqwen,0.01
gnn4tj,0.01
trojansaint,0.01
firefunctionv2,0.01
slowfastllava,0.01
simplecnn,0.01
mixtral822b,0.01
wode,0.01
deepseekqwen,0.01
phi35mini35b,0.01
stablelm2zephyr16b,0.01
compllm,0.01
compllmseq,0.01
llama27bft,0.01
woqs,0.01
opt350mft,0.01
tsllava,0.01
opt67bft,0.01
olmoe1b7b,0.01
qwen3vl8bthinking,0.01
stc,0.01
stccacher,0.01
stcpruner,0.01
dispider,0.01
livecc,0.01
streamforest,0.01
rekv,0.01
llavaov,0.01
vidcom2,0.01
retroinfer,0.01
infinigen,0.01
hata,0.01
woce,0.01
starcoder27b,0.01
langgpt,0.01
llama3med428b,0.01
sawmil,0.01
meandifference,0.01
udagent,0.01
majoritybaseline,0.01
mechat,0.01
cpsycounx,0.01
tapaslarge,0.01
regexbased,0.01
uie,0.01
rake,0.01
autophrase,0.01
gpt41full,0.01
dvpo,0.01
drgrpo,0.01
robustbellmanppo,0.01
efficientnetb4,0.01
f3net,0.01
spsl,0.01
srm,0.01
ucf,0.01
core,0.01
univfd,0.01
dawfdd,0.01
dagfdd,0.01
pgfdd,0.01
internvlchatv15,0.01
biomistral,0.01
tachyhealth,0.01
linearaverage,0.01
hierarchicalmerge,0.01
dellamerging,0.01
roco,0.01
eoh,0.01
reevo,0.01
hsevo,0.01
mctsahd,0.01
deepaco,0.01
neuopt,0.01
gnngls,0.01
kgls,0.01
kglsreevo,0.01
kglsmctsahd,0.01
kglsroco,0.01
gemini3,0.01
agentalpha,0.01
agentbeta,0.01
agentgamma,0.01
reflexgrad,0.01
textgrad,0.01
sequentialcombination,0.01
minilml3,0.01
qwen3emb,0.01
vit32,0.01
moca,0.01
ngame,0.01
dexa,0.01
prime,0.01
unidec,0.01
dexml,0.01
renée,0.01
oak,0.01
pina,0.01
mogic,0.01
mufin,0.01
cascadexml,0.01
xrtransformer,0.01
lightxml,0.01
elias,0.01
vixml,0.01
qwen3thinking,0.01
looptool8b,0.01
llama323binstructturbo,0.01
geodetective,0.01
gemini20flashthinkingexp0121,0.01
gemini20proexp0205,0.01
geoclip,0.01
tqc,0.01
splidditalgorithm,0.01
falcon3,0.01
coherererankv3,0.01
aiassistant,0.01
gpt41web,0.01
gemini25progrounding,0.01
gemini30,0.01
solvableonly,0.01
unsolvablerl,0.01
fixedτ,0.01
bft,0.01
geneagent,0.01
scgpt,0.01
youtuembedding,0.01
state,0.01
statese,0.01
statesmall,0.01
bbknn,0.01
harmony,0.01
scmodal,0.01
aligner7b,0.01
fastdownward,0.01
enhsp,0.01
visionllm,0.01
hybridplanner,0.01
bfs,0.01
ida,0.01
ahamming,0.01
alandmark,0.01
smolvlm2500m,0.01
smolvlm222b,0.01
gpt2117m,0.01
gpt2774m,0.01
r1distilledqwen2515b,0.01
gpt2reward,0.01
llamavltelco,0.01
nemotron70b,0.01
allminilm,0.01
allmpnet,0.01
snowflakearctic,0.01
mxbailarge,0.01
clipvith,0.01
minicpm,0.01
edsr,0.01
soce,0.01
uniformsouping,0.01
xlam270b,0.01
coalm70b,0.01
watttool70b,0.01
functionary70b,0.01
xlam28b,0.01
toolace28b,0.01
watttool8b,0.01
bitagent8b,0.01
coalm8b,0.01
metamathoctopus7b,0.01
metamathoctopusmapo7b,0.01
mathoctopusmapo7b,0.01
mathoctopusparallel7b,0.01
twostagellm,0.01
singlestagebaseline,0.01
flant5large,0.01
biogptlarge,0.01
novalitev1,0.01
lasr,0.01
sga,0.01
beaverreward,0.01
opt175b,0.01
htp,0.01
aligntree,0.01
tokenprepending,0.01
autodefense,0.01
vanillamean,0.01
vanillalast,0.01
asknearby,0.01
selfdefense,0.01
selfdefenseinput,0.01
perplexitydefense,0.01
refusalclassifier,0.01
multirefusalsclassifier,0.01
rednote,0.01
beavercost,0.01
mva,0.01
dposeqt,0.01
dpolw,0.01
soup,0.01
modpo,0.01
dynaguard17b,0.01
whistledown,0.01
phi3mini128k,0.01
agentless,0.01
eotter,0.01
msmarcominilml6v2,0.01
longformer,0.01
prorac,0.01
hierarchicalclustering,0.01
oneclasssvm,0.01
openevolve,0.01
